NOM_ENT ,DISTRITO,VPH_PISODT,VPH_2YMASD,VPH_C_ELEC,VPH_AGUADV,VPH_AEASP,VPH_TINACO,VPH_CISTER,VPH_EXCSA,VPH_C_SERV,VPH_DSADMA,VPH_REFRI,VPH_LAVAD,VPH_HMICRO,VPH_TV,VPH_PC,VPH_TELEF,VPH_CEL,VPH_INTER,VPH_S_ELEC,VPH_AGUAFV,VPH_NODREN,VPH_NDEAED,VPH_SNBIEN,VPH_TELEF,VPH_CVJ,VPH_SINRTV,VPH_SINLTC,VPH_SINCIN
Aguascalientes,1,120028,90064,120635,120263,102010,97040,30588,119406,118674,119202,112279,103478,64435,115363,42092,32683,110208,59381,776,1146,1580,135,499,32683,14900,2752,8043,54801
Aguascalientes,2,131805,105591,132398,132168,130564,99298,46196,132262,131879,132271,125908,114589,82318,127723,61143,51688,126004,84830,244,474,218,22,207,51688,25751,1651,3813,40681
Aguascalientes,3,130801,103486,131328,130999,122618,99565,75737,130929,130429,130648,127002,117643,91818,127325,73914,63447,123683,91792,190,517,581,27,170,63447,29475,1618,3467,33514
Baja California,1,147416,106182,148451,148054,135151,3089,1002,139684,140372,139140,144885,131526,102265,142140,72486,70615,141300,97720,1005,1398,8129,243,581,70615,29949,4220,5526,44317
Baja California,2,126075,94569,127397,127510,126992,829,609,127082,126723,126848,125080,115076,95312,123109,72952,82630,119147,97297,545,421,614,110,412,82630,26747,2815,4302,26120
Baja California,3,136006,91618,135547,130372,115232,56517,15979,114788,114968,113384,122639,105700,72481,122460,64075,58790,131080,85649,3731,8905,20443,1738,1303,58790,21101,10778,5483,47404
Baja California,4,158910,114052,162911,160584,157117,8036,3477,160786,159013,160325,155360,131627,93718,152839,72643,72123,156759,112117,658,2985,1840,116,623,72123,26991,5775,5010,44425
Baja California,5,128814,97311,130864,130591,129994,7977,17959,130329,130158,130236,127061,109959,93880,125431,82257,80802,124686,106331,256,528,547,80,324,80802,31327,3172,3240,20869
Baja California,6,131203,94720,132788,131930,130602,11036,15354,131220,130752,130784,128300,109833,92837,127420,77386,78328,125832,102896,384,1240,1467,126,473,78328,30858,3381,4316,25319
Baja California,7,147953,101858,148995,144724,132339,25109,10371,144087,140362,143295,143191,122928,91041,140377,66215,63994,142511,96238,1959,6223,5201,555,899,63994,24639,6156,6017,47077
Baja California,8,142307,98531,145669,143954,142111,9608,6425,143980,142828,143634,139710,119998,88779,137603,68440,69524,138854,101941,409,2123,1504,94,589,69524,25253,4926,4878,37998
Baja California Sur,1,120800,86516,122240,121163,115034,106433,30379,118525,117736,118042,115785,92518,64755,113835,62613,53737,116879,79367,1236,2312,3943,246,775,53737,20994,5872,4594,37069
Baja California Sur,2,105984,67752,113045,104961,95708,89276,34258,112230,103181,111340,104020,71516,50911,100477,46335,38013,109638,69356,1590,9661,2227,204,718,38013,15203,8636,4081,40154
Campeche,1,127354,75549,128776,126784,119357,102523,18306,121889,120103,120915,109766,101182,44368,114980,48246,33550,109975,61769,1090,3082,7159,220,2357,33550,9325,10756,18040,60348
Campeche,2,124457,67183,126677,121841,103677,85878,34633,123311,116400,122135,108864,100024,41854,111183,39523,35293,108347,52251,2426,7261,6120,669,3202,35293,8651,12871,18357,70013
Coahuila de Zaragoza,1,128860,91556,129311,129162,126419,31480,3497,127722,127417,127380,126230,114155,84670,123979,48142,52854,120739,71663,564,711,1755,95,282,52854,15429,2651,5569,50998
Coahuila de Zaragoza,2,123546,91517,124003,121630,114186,81827,17577,118724,117729,117608,119151,103761,69888,117668,36987,32927,111338,51090,755,3127,4519,193,595,32927,11331,3546,9974,65724
Coahuila de Zaragoza,3,125807,92074,126056,125602,123825,90995,17159,124559,124503,124288,123856,111961,82376,121713,49908,63837,115635,74836,334,787,1236,90,277,63837,15907,2139,5810,45170
Coahuila de Zaragoza,4,138363,111329,139134,138262,133075,119248,25660,138465,137863,138474,136188,126924,99197,135020,72722,75798,129974,97553,192,1061,474,25,183,75798,26208,2054,4687,35750
Coahuila de Zaragoza,5,107713,82521,108666,108571,106968,72018,24972,108528,108387,108504,106252,95443,76129,106014,52619,52673,98898,70895,98,190,130,13,238,52673,17137,1486,5384,33380
Coahuila de Zaragoza,6,140582,110057,142013,141068,136916,96823,26001,139982,139769,139909,136619,115698,82007,137497,55218,37698,132544,77345,201,1146,1483,50,377,37698,20877,2390,7659,56842
Coahuila de Zaragoza,7,126081,98378,126738,125218,117726,106006,7644,124567,123991,124551,122653,112072,80457,121624,52374,56345,115163,76217,252,1767,1638,72,356,56345,17188,2754,7337,44434
Colima,1,118652,84007,120088,119982,117555,100465,37841,120016,119379,119992,114511,94346,62548,112275,56844,46038,111637,81907,564,671,484,87,592,46038,14923,3908,5022,33510
Colima,2,101326,68579,104546,104140,101265,68174,19053,104469,103497,104389,97085,76034,35987,94569,33356,34213,95099,50488,557,963,555,87,901,34213,7772,5265,7063,48856
Chiapas,1,79879,47768,90735,85820,54052,31462,12896,81017,79003,82079,48430,23203,6731,60879,7133,4027,46404,9085,2567,7479,9352,958,16044,4027,541,23175,46020,80886
Chiapas,10,95685,57082,102272,96805,70634,45340,57807,98750,93074,98982,78819,56761,17182,89390,12464,12633,77449,19150,2143,7610,4254,445,3397,12633,1391,8777,24366,80794
Chiapas,11,66342,51296,77354,61662,37652,47821,10982,45709,47257,44244,25610,17464,5055,46882,3626,2329,40956,4149,2771,18463,26284,1494,17776,2329,311,24455,38625,74025
Chiapas,12,108117,69852,116067,108183,87783,48562,32157,114262,106549,114363,96827,63110,30512,102570,27037,24053,102201,37753,982,8866,2072,220,2220,24053,4174,9273,13818,73071
Chiapas,13,85820,57258,97314,87169,44766,22689,27542,91172,83807,91285,66065,38557,15806,77036,7671,5456,69206,13046,1459,11604,4479,304,5205,5456,671,12140,28286,82075
Chiapas,2,73740,46812,90737,83823,55841,34990,13608,70742,72772,71468,28837,11320,3962,53245,3456,2511,43835,4888,2142,9056,15948,752,23963,2511,320,32593,48510,86253
Chiapas,3,63732,46439,79701,73616,51257,24710,9134,62128,60957,62592,30575,12479,4813,42899,4682,1905,35643,4613,5160,11247,17289,1912,25007,1905,328,34094,48980,77693
Chiapas,4,93061,54474,101831,95417,72209,42214,34947,98027,92269,98656,72046,50917,16295,81562,13693,6645,74252,20495,1774,8188,3579,354,7613,6645,1842,16260,28618,78495
Chiapas,5,87236,62290,100410,89662,65957,70871,16026,72922,77525,72660,38086,27649,16731,74180,16849,14340,67473,18963,1054,11801,17678,360,13803,14340,2722,19416,32464,78192
Chiapas,6,116097,73286,121898,113266,88667,88996,58146,118784,111326,119558,103160,76223,35679,109941,34873,22252,105146,46075,1118,9749,2391,248,2760,22252,6500,8309,16773,70790
Chiapas,7,101007,58848,105890,94699,57000,27725,33771,103616,92225,103395,87133,62606,17514,88449,12550,12112,83882,22156,1400,12590,3326,287,3144,12112,1340,10926,20810,81143
Chiapas,8,110252,75215,119942,107932,77268,79553,34823,107868,103236,108467,89330,66771,26648,103186,17555,13546,91178,23502,1256,13267,7685,389,5144,13546,2544,11191,27880,91736
Chiapas,9,110972,77933,113322,109772,105217,102554,73720,113081,109602,113156,105703,83137,48744,106522,51381,37843,107070,68314,146,3696,189,13,417,37843,9776,3724,4765,38776
Chihuahua,1,139295,102100,139936,139876,139428,6596,609,139943,139703,139851,136532,123549,98961,135485,61922,60419,134660,92032,111,166,58,8,222,60419,24185,2225,3519,41174
Chihuahua,2,126556,87591,127031,126920,118105,11558,2284,125456,125292,125264,122486,109466,84397,119585,39478,32785,119715,56619,485,597,1510,69,380,32785,13612,4707,5712,62769
Chihuahua,3,102497,67494,104044,102529,98386,8859,1441,102789,101787,102550,100695,89998,73373,100857,35720,45329,95262,57754,193,1697,991,43,269,45329,12798,1848,5842,41534
Chihuahua,4,129632,96404,130350,130287,129926,2965,1428,130225,130073,130127,128647,120194,110923,127732,83003,84114,123070,101840,101,146,137,26,158,84114,33500,1475,3151,24015
Chihuahua,5,130663,93481,130924,130775,123139,44882,5434,130154,129917,130129,127862,117515,94412,125961,45705,38571,121427,63110,406,545,819,60,353,38571,14793,2710,6583,60439
Chihuahua,6,154341,121561,154878,154585,151584,116064,20522,154573,154270,154481,153274,144223,129299,150781,97974,90045,148351,118902,148,416,285,23,146,90045,39063,2291,2900,30171
Chihuahua,7,112067,79732,112102,112509,89478,33549,1857,101113,103229,100759,103564,93836,75394,98592,33669,25437,101988,38874,3426,3019,11210,1290,3186,25437,10296,8935,10935,67520
Chihuahua,8,143891,106832,144671,142876,138078,113210,3943,144061,142300,143805,141814,129813,110226,139893,67058,63152,136822,91239,248,2044,767,53,246,63152,25091,2602,4446,46458
Chihuahua,9,81695,62922,81684,84849,60252,70242,4946,66994,69265,66741,66772,55638,45255,69633,24195,20688,69750,30176,11972,8807,21359,4378,10803,20688,6626,15320,21331,57952
Ciudad de México,1,109290,71330,109828,109579,109272,90850,33318,109651,109454,109645,100416,85354,63939,105407,51243,69204,97301,73420,53,303,102,5,382,69204,16457,2216,5005,31780
Ciudad de México,10,144234,99518,144472,144408,144160,119490,102865,144249,144271,144211,140785,128304,112836,139511,109620,109255,137092,124766,45,109,129,1,177,109255,39653,2459,2398,15787
Ciudad de México,11,101109,71277,101356,101339,101147,93276,78895,101240,101265,101223,96338,84454,69541,98270,62006,70790,93538,78067,36,52,48,1,157,70790,21611,1404,2692,19137
Ciudad de México,12,123501,84222,123619,123531,123298,111269,108488,123406,123422,123384,119104,103623,88494,116820,88867,88773,116960,103095,46,134,86,1,198,88773,29687,2864,2203,16595
Ciudad de México,13,117136,85557,117383,117339,116551,99338,81332,117269,117250,117235,111701,97968,79437,114005,72365,82286,108694,91029,52,93,42,3,196,82286,25606,1568,2666,21762
Ciudad de México,14,98275,68689,98730,98217,94264,85462,64141,98428,97945,98324,91831,83301,69036,95331,59654,67787,91982,76104,55,567,240,2,223,67787,20608,1492,2515,19118
Ciudad de México,15,175564,121541,175762,175745,175492,160719,158802,175671,175690,175641,173596,157519,146509,169785,149689,141364,170360,161786,29,43,33,0,114,141364,54473,2434,1141,10638
Ciudad de México,16,116689,80257,117125,117066,116766,90719,34197,116999,116948,116939,111132,100299,83494,113543,71449,81596,108627,90485,30,73,67,0,231,81596,26887,1604,3059,22397
Ciudad de México,17,113151,81763,114203,113663,107764,98078,38636,113750,113392,113721,105862,96663,80614,110668,68221,78738,106201,86198,60,582,225,2,226,78738,25866,1771,3388,23800
Ciudad de México,18,106299,74501,106820,106648,106125,92412,63199,106668,106525,106666,100134,87036,70031,103088,61430,72961,98022,78386,64,228,90,2,302,72961,20124,1910,3380,24033
Ciudad de México,19,101930,75430,102412,102300,99534,90903,65626,102315,102217,102323,96096,83407,63741,99188,53821,67493,93059,72994,57,169,44,4,213,67493,18393,1574,3319,25008
Ciudad de México,2,121450,86998,121868,121704,121197,105307,65599,121648,121561,121594,115823,101416,83979,117197,74887,85828,111614,93738,59,215,140,5,279,85828,25036,2218,3599,23521
Ciudad de México,20,95641,70210,96118,95914,94789,72656,53588,95963,95832,95961,89311,77827,54957,92539,45389,60922,86302,65098,59,263,56,8,313,60922,15556,1824,4162,26537
Ciudad de México,21,108064,73489,110769,98246,87338,92929,33574,108577,97599,108775,94822,79840,52744,105296,46512,64079,99230,65320,344,12867,1206,69,553,64079,12230,2586,5626,40101
Ciudad de México,22,97285,57161,98000,97737,97252,85922,78026,97850,97623,97929,84164,68820,44122,93271,34216,58473,85913,60658,82,345,72,3,405,58473,10190,2283,4918,33582
Ciudad de México,23,119123,85323,119438,119389,118904,100917,73931,119210,119197,119119,114120,101894,86266,114361,81292,86477,111592,97003,48,96,143,1,187,86477,26916,2176,2543,18439
Ciudad de México,24,114365,90716,115105,114194,113343,89790,61649,114346,113997,114473,109916,99855,84209,111802,77782,88458,107735,92503,60,971,230,6,266,88458,26569,1491,2328,18784
Ciudad de México,3,133490,96070,133798,133597,132706,107591,84062,133572,133511,133563,128896,115721,97011,130067,86856,96128,123961,105899,38,239,87,2,188,96128,31801,1661,2869,22687
Ciudad de México,4,100288,73400,100729,100493,98153,79740,64426,100617,100416,100640,93813,81122,62017,97080,52549,64156,92677,72424,39,275,66,2,269,64156,18350,1798,3037,23995
Ciudad de México,5,102062,73847,103152,95442,73209,88116,73775,102427,95182,102528,94158,84705,68532,99335,60938,69318,96611,75860,224,7934,416,33,272,69318,20715,1677,2823,23818
Ciudad de México,6,114842,81458,115675,114915,112114,99502,37649,115343,114688,115217,108481,98944,83030,112085,70723,84558,107228,89556,91,851,296,4,264,84558,24586,1688,3033,22333
Ciudad de México,7,107435,76900,107808,107617,105983,93879,75139,107655,107526,107646,101822,90100,69144,104899,59505,73081,97881,79120,48,237,56,1,186,73081,19447,1345,3176,24258
Ciudad de México,8,105800,79474,105999,105979,105800,90568,86314,105841,105872,105816,100720,88588,70785,102164,59527,71494,97303,78528,53,72,62,2,218,71494,22293,1824,3078,23122
Ciudad de México,9,105028,76099,106703,104658,100367,89365,48234,106131,104422,106363,97070,82667,58624,102199,50862,65046,96640,72119,245,2286,271,18,361,65046,15773,2305,4314,29896
Durango,1,106873,85654,111354,111973,80776,93403,26391,98957,99820,98734,95324,77907,55408,100984,35801,27562,96439,45112,7317,6725,16143,3062,7370,27562,12067,12610,19171,66473
Durango,2,126080,96095,127320,126913,118364,87093,26685,122705,123877,122485,121344,104513,74249,122804,41731,33370,115114,55541,596,1001,3155,132,716,33370,12788,2904,9113,63753
Durango,3,114474,85245,115744,114940,90484,89941,17821,110601,110434,110050,109829,94688,64689,109552,31711,28380,102042,38375,769,1573,4880,184,636,28380,8208,4314,9082,68904
Durango,4,127011,103083,128749,128604,120895,112698,45922,127655,127841,127707,122775,104208,79617,124348,60517,48561,120855,76080,239,377,718,34,326,48561,21601,2243,4435,44620
Guanajuato,1,88366,63881,91108,87536,46319,74790,13982,81198,79841,80291,78095,63656,35676,83129,21179,15894,76588,36042,1460,5033,9621,528,1808,15894,4127,5935,13585,52363
Guanajuato,10,101042,73290,103445,102761,82765,88138,28139,100767,100249,100282,97594,85627,54630,98738,30001,39153,85180,43132,437,1121,2733,102,627,39153,6846,2939,10706,55013
Guanajuato,11,95481,79211,96368,93650,82772,82744,21817,95773,93065,95463,91262,83744,51706,93124,40414,35471,88984,55811,216,2934,834,42,267,35471,15068,1586,4712,35251
Guanajuato,12,120598,93285,122552,122049,112485,99539,53303,122393,121557,122114,118397,104085,77498,117676,58574,60283,112168,76348,248,750,356,32,330,60283,18245,2675,5733,39769
Guanajuato,13,100092,72811,102306,101276,53131,78893,12900,97627,97055,96969,93384,80152,41567,96442,22423,26202,82529,33532,444,1474,4449,69,853,26202,4468,3768,13497,63479
Guanajuato,14,103544,74095,105704,104893,64555,86890,19134,102186,101417,101523,98591,80177,51893,100256,25735,28029,89953,39860,624,1435,3807,166,820,28029,6199,3191,10605,60732
Guanajuato,15,91552,72590,92953,91871,79604,75058,48885,92137,91047,91852,88457,77886,50526,88939,36128,38815,82201,49047,152,1234,907,20,418,38815,10897,2143,6596,38457
Guanajuato,2,101496,76189,105929,102286,61124,82991,23831,98356,96285,97597,95363,76742,46843,99469,30287,26289,90821,44980,1032,4675,7544,293,1119,26289,6458,4540,13089,57282
Guanajuato,3,116544,94128,117713,114931,111846,97859,62073,117406,114497,116996,112735,103566,75607,113736,62875,54056,110423,80461,224,2990,506,60,255,54056,24720,1915,4353,31997
Guanajuato,4,93048,69099,94503,90788,64607,78029,11084,88222,85550,87405,86004,73491,49402,89186,32271,28080,82808,41448,887,4595,6832,318,765,28080,8211,3688,9694,48641
Guanajuato,5,102507,79662,104095,100285,97379,90005,21193,103570,99352,102711,96229,86807,50185,100007,37102,35876,94839,56015,283,4068,740,49,356,35876,13955,1822,5519,42561
Guanajuato,6,118155,92230,119748,114251,102721,96991,40723,119194,113788,118852,112981,100730,66829,115140,53291,43217,110703,70535,251,5725,824,41,340,43217,20271,2311,6052,42901
Guanajuato,7,101082,74051,102047,100699,67386,80381,15506,97207,96321,96507,93253,81760,43976,96120,25904,30341,85822,35072,585,1932,5053,139,797,30341,7224,3686,10608,60560
Guanajuato,8,107936,84045,110458,109086,77449,88040,30820,108380,107095,107759,105128,94307,61495,105959,37818,37963,97109,56690,342,1713,2339,87,479,37963,10610,2720,8869,49216
Guanajuato,9,102438,77857,104874,101945,63457,79213,49964,102092,99847,101830,97335,84662,50815,99461,36018,29548,91540,45377,347,3278,2378,71,680,29548,10449,3207,10803,53970
Guerrero,1,79726,50843,91311,80255,47524,45701,40738,82096,72663,81421,80285,48384,19499,75397,13306,25500,65510,19916,1707,12763,10830,591,3316,25500,1547,12379,19813,68957
Guerrero,2,97277,65186,108286,91817,70762,78965,36252,101545,87946,100558,95032,55051,32867,95490,26387,39500,87126,39773,802,17271,7308,357,2066,39500,4460,8125,13872,64234
Guerrero,3,111694,63860,124023,117520,87326,70696,33554,115521,109721,114789,109558,73202,24123,107424,24120,28254,104644,43476,1517,8020,9523,437,2880,28254,3180,12666,16170,77106
Guerrero,4,103319,67679,108400,101412,90206,79193,29267,106753,100329,106773,101074,68305,32670,99394,38701,45395,98903,59891,392,7378,1556,79,818,45395,6887,5415,5652,44550
Guerrero,5,69342,45717,88442,79984,61437,44620,22188,60527,59733,59400,58450,22506,8063,56633,9640,13878,51977,12065,3532,11988,25968,1237,14065,13878,803,27169,35226,75784
Guerrero,6,72328,44384,96130,83720,51343,48764,19561,65328,63254,64116,56818,18934,9886,65412,9754,12667,61691,15083,3381,15792,26140,786,15544,12667,966,25860,34268,81260
Guerrero,7,85293,59427,98687,89079,70506,76811,42836,95058,86629,95366,84342,49445,31085,87196,32833,32463,83827,47328,915,10522,3358,234,2245,32463,5518,7977,12842,47688
Guerrero,8,84362,45485,95487,85297,66766,41386,39036,77333,70974,76573,74458,33195,12322,74566,10273,20354,67121,14209,2151,12343,18970,844,6641,20354,797,18144,23159,79450
Guerrero,9,100355,67822,110124,102684,87399,61299,21724,102907,97611,102603,98124,61561,25622,98265,26303,34518,94954,46439,476,7914,7390,138,1801,34518,4419,7949,11606,60064
Hidalgo,1,94392,63001,101392,92201,66774,48541,18049,77904,82621,78178,72442,26370,13068,77869,13672,13867,69094,13440,1453,10644,13260,336,7429,13867,943,15498,29228,83175
Hidalgo,2,106613,75340,109208,105377,55458,87629,21649,95509,98242,98064,89328,59305,28347,92841,22001,15690,89926,26847,1475,5306,8609,468,2725,15690,2836,9428,17276,76189
Hidalgo,3,110614,78378,112013,109121,86883,92256,24097,104173,104372,105100,91432,67803,28697,99113,27597,20844,95005,35570,1365,4256,5947,425,2117,20844,4606,7338,14785,70179
Hidalgo,4,106595,73194,109886,105132,82290,88947,28002,98614,99644,99123,84812,62102,32249,97823,25928,28463,92440,38510,1280,6032,6900,326,3497,28463,5821,7465,15202,67230
Hidalgo,5,129101,94619,129742,128113,99432,103817,25336,123751,122999,123534,111611,84512,45163,120337,38960,30794,113938,49559,1171,2800,5841,321,1479,30794,8688,5337,13718,71523
Hidalgo,6,150608,115702,151828,149656,143346,117599,44713,151140,149178,151201,138109,115437,83211,145077,74294,56238,143828,94208,335,2507,565,51,407,56238,23937,3206,5006,48414
Hidalgo,7,132465,100214,133137,131917,123122,113955,31207,130807,130462,131309,120524,98579,66531,126396,58641,44741,123657,74186,551,1770,1681,143,608,44741,17644,3419,6790,50666
Jalisco,1,102006,73657,103467,102924,88965,86204,29984,101110,99601,100712,95481,82106,46073,95498,32840,30869,92402,45342,2466,3010,4863,1050,2181,30869,8463,6432,8440,53078
Jalisco,10,120325,97918,122284,122178,116350,102784,99205,122132,121867,121940,119710,108841,90809,118577,84165,81024,117608,99703,74,175,82,5,138,81024,33441,1821,2314,19111
Jalisco,11,94144,77517,94643,94635,94482,85932,35399,94621,94570,94593,92458,81901,61302,92257,48804,54595,87332,68905,42,50,40,5,125,54595,17915,1182,2739,21740
Jalisco,12,209933,158227,211216,210685,185270,119017,37923,211131,210210,210940,199021,164650,114956,201897,88194,66236,201976,130813,245,769,330,14,595,66236,40494,4336,7152,69090
Jalisco,13,116886,92766,118428,118269,112845,86080,59008,118312,118026,118172,115799,104323,81506,114974,71443,67798,112942,91110,66,212,89,9,125,67798,29251,1541,2463,22712
Jalisco,14,95961,77622,96524,96519,96288,80875,40705,96473,96427,96438,94433,84175,64905,94154,52722,58409,89479,71453,57,59,37,4,104,58409,18812,1109,2281,21174
Jalisco,15,109338,79220,110619,109910,97363,93146,37791,109732,108907,109436,104714,89875,53717,104948,33571,34630,97689,52315,299,1008,1030,58,523,34630,9812,3046,7363,52507
Jalisco,16,106942,84506,109613,109242,107358,81780,40731,109428,108936,109310,105072,91002,61778,106155,48542,47511,101984,69213,137,508,276,9,246,47511,18815,1663,4617,35194
Jalisco,17,100481,69801,101891,101580,95606,72499,23334,101159,100565,100943,95682,80951,49053,97051,32662,29832,92039,50241,385,695,997,58,514,29832,7680,2644,5867,46358
Jalisco,18,103386,72944,105852,105529,93726,84925,26422,104304,103209,104109,99113,85209,47452,96333,32526,38133,90813,46535,1009,1330,2249,141,1436,38133,6345,6263,9618,53623
Jalisco,19,104027,78816,106362,106352,97964,90655,28168,105907,105059,105720,100273,88073,50709,99976,36929,42482,93522,54653,730,739,1052,91,602,42482,8580,3584,7100,46536
Jalisco,2,96971,71427,97488,96454,81980,81383,33006,95634,94804,95419,92208,83352,53253,93356,31797,30376,88001,45278,406,1440,2022,121,329,30376,9293,2231,5745,46453
Jalisco,20,135741,99801,138360,136129,115667,102317,59985,137625,135393,137365,129935,110391,65685,132216,45546,38425,129651,68513,335,2567,920,75,476,38425,19330,2959,6247,61208
Jalisco,3,119120,89566,119563,118934,103299,113724,43458,118645,117823,118386,115241,108402,69583,115135,40211,35385,108688,63895,422,1050,1305,114,338,35385,13442,2588,5800,50161
Jalisco,4,99618,79119,101200,101015,98661,87967,62291,101103,100624,100791,98507,88269,64942,97843,54663,58244,95200,73876,92,276,179,4,135,58244,21932,1545,2938,23417
Jalisco,5,111687,74045,113036,112127,102308,67254,20220,112334,110827,112125,106473,87390,51125,101837,46384,45167,105098,68024,675,1584,1308,127,844,45167,12317,6393,5603,39754
Jalisco,6,146540,120746,147936,147599,132599,101363,75019,147892,147386,147765,144253,129887,100760,142933,88032,81747,142398,110979,106,440,137,12,134,81747,38354,2305,2746,30321
Jalisco,7,99656,80889,101526,101265,99988,77315,45187,101410,100999,101226,97786,85371,56775,98250,43412,43669,95707,67094,94,353,205,18,212,43669,18985,1561,3364,29708
Jalisco,8,111018,86600,111524,111498,109940,104059,70249,111482,111460,111464,109815,98633,82938,107344,76346,74705,104765,92001,29,45,10,2,114,74705,24384,1895,1922,15937
Jalisco,9,93008,74276,93773,93767,93657,78274,35553,93750,93692,93749,91406,80659,58357,91154,46188,50726,87135,67530,59,65,34,4,135,50726,18033,1301,2629,22357
México,1,108612,72127,109469,104744,61996,89516,26003,89788,90549,90919,80972,51036,26278,99816,18052,12667,90015,24517,2385,7111,17612,895,2996,12667,2314,7344,19353,80960
México,10,98931,75751,100309,96850,84116,87706,46886,99880,96224,99362,93307,81897,60275,97032,47015,57776,90829,64676,61,3478,289,0,262,57776,16669,1616,4177,30201
México,11,100472,70695,102008,100295,86392,86738,51305,101684,99879,101492,93590,81212,56538,97616,45180,61659,91614,64335,95,1803,142,7,379,61659,13507,2279,4874,32634
México,12,104623,77591,107656,106542,87993,75658,29699,106231,105801,106587,96634,84609,59391,102798,46658,57213,99144,67359,139,1242,598,7,337,57213,16193,2258,4418,35172
México,13,91504,69618,92222,91968,89979,86019,65354,92068,91698,91873,86426,76387,55317,89405,44788,61629,83177,63882,48,259,38,4,228,61629,14068,1418,3159,24231
México,14,111095,83510,111913,111783,109495,103059,62392,111803,111520,111624,107023,98087,80457,109013,69237,78828,104267,85664,43,150,63,1,152,78828,23548,1459,2896,21763
México,15,111396,80468,112262,112236,111412,98717,59512,112147,112054,112039,106004,96108,77561,109136,63590,74555,103797,81737,40,58,42,0,310,74555,23013,1714,3939,26255
México,16,104428,60119,105804,104811,98102,91689,29520,105371,104430,105157,94106,78258,51960,101102,38582,53830,92895,60120,130,1112,414,7,425,53830,9906,2541,7095,40570
México,17,91583,63644,92233,91757,83556,84820,62994,92194,91607,92114,84645,73522,51703,89023,42191,56669,82156,62615,45,521,22,2,246,56669,13327,1612,4240,25564
México,18,123653,87634,125519,123756,97723,101538,48836,122853,122068,123096,106611,94071,70759,119880,60537,62447,113710,74639,286,2046,1716,40,806,62447,21541,3148,8760,45091
México,19,107343,80084,107813,107713,107220,88219,31274,107682,107558,107579,103568,93737,76776,104985,63994,74684,98373,80527,31,77,29,1,222,74684,20607,1503,3419,22708
México,2,117466,91631,118650,118153,110272,71746,32221,118271,117869,118316,109355,96994,67266,114095,54602,66056,108586,75325,106,591,199,9,328,66056,19509,2232,5016,36606
México,20,100103,67469,100584,100408,98890,93595,87643,100537,100293,100482,92642,81733,58501,97230,51084,63725,91010,71916,46,222,22,2,294,63725,16335,1712,4015,24578
México,21,95060,66018,99784,96067,85641,83467,29406,95777,94424,95857,79715,67723,40687,93010,31203,38207,87400,44282,457,4168,1877,85,969,38207,8541,3683,9914,50847
México,22,124594,87543,125853,124981,117040,114994,47383,125448,124543,125291,117117,106075,86200,122122,73294,84786,116283,89922,116,984,294,13,313,84786,23500,1965,4531,31131
México,23,105894,78348,108486,107041,91249,83266,29558,104605,104880,104851,81532,72175,39182,100996,37262,33776,93475,51456,445,1889,2390,79,1242,33776,9120,3865,12173,51895
México,24,112289,65444,112760,112743,112396,98490,27140,112683,112615,112660,101445,86699,63818,107859,49623,63152,101547,69795,64,82,44,1,357,63152,13799,2764,5664,37447
México,25,95766,53094,98393,97981,95167,79057,71464,97801,97495,97762,81095,67097,37020,93113,27742,48209,84869,53927,127,538,294,13,562,48209,7373,2661,7852,40628
México,26,118748,90405,120632,117549,90878,93280,30363,116988,115370,117423,96108,75841,50394,113890,45685,41244,107108,59977,496,3579,2531,88,998,41244,12802,3902,11103,55386
México,27,121729,96957,122859,121967,104187,89425,38773,122254,121397,122152,106318,95648,70157,117745,64942,57680,113123,81014,210,1090,513,24,476,57680,22825,2545,6381,36412
México,28,153206,99539,154488,152175,125405,87637,25024,153075,150921,152890,133661,109362,63979,145700,49856,44020,140998,71216,326,2632,1238,58,789,44020,16176,4193,10543,72586
México,29,95307,59970,95835,95643,92154,89515,90755,95762,95298,95466,87567,75682,50545,92342,45141,59117,85605,66782,48,219,16,1,232,59117,13682,1710,4231,24951
México,3,108379,77763,110765,107047,70990,80919,24307,94524,96667,96197,76349,44138,26225,101858,23459,15049,90950,33714,1236,4954,12250,340,2470,15049,3003,6498,18975,72594
México,30,108694,68430,112848,109860,103298,78603,50309,111991,108611,111277,97749,81968,51211,106834,37384,50459,100891,60780,305,3289,1293,33,475,50459,11447,2991,7685,46660
México,31,95679,58817,96281,95923,95115,86600,71361,96144,95591,95898,86470,73166,48771,92502,41549,56846,85043,63238,67,424,58,4,319,56846,11818,1930,5059,28977
México,32,100339,54410,103909,102239,99156,76350,51278,103391,101575,102795,85541,69578,41547,96834,31457,46101,92016,58207,133,1793,529,21,572,46101,8804,3472,6938,41605
México,33,106511,72576,111115,103333,81359,72062,29767,108897,102220,108298,95384,80977,51198,105104,39497,49272,99301,58942,372,8132,1993,69,575,49272,12440,3006,7910,46614
México,34,116282,92234,117085,116392,106441,100370,47368,116768,116091,116778,104350,88990,67787,111847,63694,58624,107626,78911,249,942,281,44,502,58624,17951,2722,5324,32389
México,35,101634,70657,105408,102347,87388,84985,21220,99201,98057,99121,74550,61255,27923,92704,22831,21286,86832,34795,758,3819,5253,191,2579,21286,4364,7517,16234,66835
México,36,95264,65029,99250,93797,56175,75108,20642,89575,85526,88933,76499,56168,22034,83668,16766,14460,80309,22589,1307,6760,10303,349,3495,14460,2426,11179,17803,73351
México,37,112390,84549,114233,112171,92476,80255,28928,112834,111014,112506,103776,91557,59690,109639,50801,54801,104285,67167,185,2212,1152,27,429,54801,16526,2423,6157,40127
México,38,104129,73448,107117,96799,51052,93755,46162,105264,95929,104585,92553,75898,48396,101995,39186,38602,96771,54778,298,10612,2215,80,443,38602,9878,2435,7123,46399
México,39,101054,62097,105156,99226,89458,86548,53144,103621,98538,103524,89213,74212,43635,99307,34593,50953,92649,55649,248,6168,1011,55,552,50953,10052,2848,7107,44445
México,4,115176,80401,117231,113167,88737,95047,37450,115114,112079,115129,103597,88829,63566,112476,45712,58441,105497,65896,175,4239,1331,29,495,58441,13604,2302,6549,45199
México,40,108703,79525,111608,108138,74661,77065,30004,101797,102243,103028,76980,52876,35970,104432,29207,24322,92356,39550,893,4362,7374,250,2010,24322,7280,4524,18041,67884
México,41,162020,121539,163452,161992,149588,57420,21552,163072,161702,162958,154158,137037,101532,157347,82964,76381,153714,106421,101,1525,297,9,402,76381,31215,3113,5790,45451
México,5,109592,73403,111782,107207,77597,91692,32010,109725,105781,109668,96196,79436,46006,105732,34110,31800,99915,47932,347,4922,1809,77,658,31800,7963,3268,9548,57143
México,6,114372,95594,115375,115240,111160,85023,51524,115177,114952,115005,109948,99240,74536,111925,62541,78526,106686,83279,51,122,76,5,216,78526,22818,1762,3027,26429
México,7,118578,97158,119595,116759,107706,112226,55936,118894,116276,118226,114964,105945,84215,116694,71439,82362,111627,89081,62,2894,909,9,197,82362,26988,1436,2981,25011
México,8,96808,73064,98053,97663,95824,81343,36032,97771,97318,97542,92108,81455,59836,94505,47001,59357,89191,65798,55,429,123,9,244,59357,15041,1766,4029,27477
México,9,94175,63257,97463,82678,36105,58788,30541,54476,59708,56011,43334,21951,11368,85088,7405,3640,73853,9115,2179,16960,33606,1053,5376,3640,690,10461,25099,87345
Michoacán de Ocampo,1,95406,65221,101316,99790,83508,65183,34658,97952,96717,97854,94419,78271,27907,90544,26881,21674,92542,39965,729,2255,3375,181,1129,21674,5684,7480,7580,55905
Michoacán de Ocampo,10,119655,94686,121419,119948,107220,112587,68329,120448,119520,120386,116598,100884,75949,115336,69030,56159,114479,86383,191,1657,666,31,256,56159,21097,2994,3611,29708
Michoacán de Ocampo,11,93432,69522,102026,100038,77028,73441,26219,86564,91565,86244,86017,71908,37053,93991,19609,16218,88264,31151,932,2917,9366,188,1337,16218,4373,5233,11892,66453
Michoacán de Ocampo,12,86080,60813,94474,93755,74898,62529,34956,91512,90489,91188,86342,73549,32630,82966,20065,19419,83423,36733,1369,2083,3327,255,1726,19419,4400,7702,9962,54279
Michoacán de Ocampo,2,111771,79906,114157,113112,83007,95610,29250,109462,109985,109364,105011,83402,53551,107918,27274,24334,99609,42944,424,1469,3406,81,793,24334,7485,3384,9968,65578
Michoacán de Ocampo,3,88936,61928,95886,92251,50767,56713,37043,84325,87736,85370,79125,62481,27415,83971,17386,17219,79830,27624,1155,4789,5244,263,2273,17219,3316,8640,13798,65480
Michoacán de Ocampo,4,105403,75024,109321,106843,98842,90465,40753,105156,104745,105023,98439,83756,48248,102931,29336,35730,92651,51859,458,2936,3331,141,1083,35730,8299,3919,9856,53218
Michoacán de Ocampo,5,111518,81264,112578,111506,95641,92562,39024,111679,110729,111611,105338,89993,55979,107094,37671,39945,97952,60125,306,1377,848,58,616,39945,11561,2872,8026,47496
Michoacán de Ocampo,6,97122,69265,100890,97980,66861,79233,26556,91161,92381,91854,86248,67142,35395,93058,17646,16624,85739,26994,882,3792,6919,281,1300,16624,3705,4681,12395,69777
Michoacán de Ocampo,7,97241,74171,106131,101730,89624,80533,26185,88790,91553,88175,83429,71463,41515,98112,23221,22481,87310,32131,609,5008,12023,160,2025,22481,5686,4697,15106,68684
Michoacán de Ocampo,8,118671,91433,121855,117365,97471,108852,49799,118967,116257,118855,114308,96222,65118,115498,54238,39631,114613,73175,314,4804,1769,76,405,39631,16616,2831,4775,41870
Michoacán de Ocampo,9,88958,70322,93469,92082,86153,76263,19810,89712,88835,89027,84404,73127,42528,87803,31832,23898,86757,52669,294,1680,3519,59,587,23898,9308,3146,4797,37132
Morelos,1,112309,82018,113534,112434,103693,101523,59547,113153,112067,113027,107937,85327,65046,106484,61867,67194,105335,83009,141,1239,365,19,332,67194,16783,3219,3440,26589
Morelos,2,110039,79397,112851,111165,102405,93498,50813,112160,110619,112152,105876,77988,55429,104609,45451,50169,103932,69298,312,1997,670,78,569,50169,12246,4323,5114,39018
Morelos,3,103636,70267,108692,104930,88203,81402,41094,106081,103072,105997,97167,71537,38659,99452,34223,40397,97053,52790,641,4401,2295,155,941,40397,6856,5183,7277,51276
Morelos,4,104850,72107,110089,107796,96432,82707,50203,108247,106081,108079,100440,68409,39975,99032,33171,42323,95346,55119,556,2848,1991,127,1290,42323,6803,6365,9677,51197
Morelos,5,106405,70156,111243,99853,70501,83887,58198,103843,96709,103772,92836,66564,33416,100252,30138,36404,98121,47614,744,12131,4773,192,1171,36404,5521,5606,9442,59052
Nayarit,1,95588,62510,98046,95710,72520,44706,21688,92123,88408,90991,84668,69045,29143,86933,18375,24280,81222,25680,4258,6597,10333,2021,4803,24280,3700,9579,16189,70273
Nayarit,2,124720,94786,125653,125047,116188,104853,60741,125018,124178,125052,118446,98300,65457,119312,63085,45924,117995,82963,617,1223,910,129,591,45924,20454,3537,4658,36331
Nayarit,3,128058,89857,129824,129576,118124,92871,29017,128343,127445,128275,119443,97333,55452,118037,44233,37807,119483,60646,1272,1519,2189,265,1362,37807,11829,7385,7634,61365
Nuevo León,1,117798,95695,118595,118452,117862,23757,11691,118477,118201,118347,116800,108705,90585,115445,72634,83046,111528,96039,103,245,239,29,150,83046,30079,1721,2690,19384
Nuevo León,10,116778,85259,117543,117340,115425,14586,6442,117324,117000,117127,114559,103621,88421,113100,72549,82012,107878,92786,97,292,262,19,223,82012,27416,2356,3899,22055
Nuevo León,11,104320,82039,104762,104461,103196,9750,1712,104600,104323,104572,103152,96335,77175,101912,58624,74064,95919,82121,77,377,123,8,164,74064,21005,1551,2934,20011
Nuevo León,12,203742,149900,205039,204311,198491,29167,2082,204289,203697,204202,194767,165935,102239,193238,66428,75294,194811,117658,276,1004,652,24,673,75294,26563,5975,7805,77830
Nuevo León,2,155033,126134,155610,155556,155066,25490,1756,155548,155430,155513,152662,140405,108258,150364,86837,94545,149728,122958,49,96,46,5,180,94545,36978,2564,2851,27109
Nuevo León,3,130128,100702,131416,130630,128915,15020,789,131052,130263,130869,126969,115017,81480,126636,61815,73167,124824,92982,146,921,360,19,349,73167,26334,2501,3883,34111
Nuevo León,4,121132,98507,121743,121742,121475,11839,1557,121736,121653,121674,120495,113759,96652,119248,75326,93130,112674,101300,44,41,31,3,103,93130,27614,1272,2268,17681
Nuevo León,5,77280,60032,78245,77951,77535,8207,667,77898,77648,77808,75850,68976,46044,75576,30282,45839,70361,53673,73,366,319,14,206,45839,10174,1464,4084,22349
Nuevo León,6,127215,100396,127953,127922,127659,16254,6279,127894,127820,127856,126207,118756,103573,124738,85294,98039,118308,107000,68,91,73,14,215,98039,32358,1806,3142,18375
Nuevo León,7,242486,175595,243960,243188,238583,37607,3399,242693,241946,242520,231156,194757,129968,228502,78850,86685,231546,137179,717,1471,1196,118,848,86685,31227,8349,9785,96021
Nuevo León,8,120213,96632,120750,120642,120350,15830,900,120717,120543,120634,118808,110576,83676,117594,65127,76208,114429,94693,66,172,105,8,137,76208,26135,1567,2657,22073
Nuevo León,9,118152,79401,120126,114236,92077,29548,5162,103541,106652,102925,113755,103372,64722,111927,37727,40133,105681,52525,1133,7022,11224,469,1137,40133,10221,5603,11507,62480
Oaxaca,1,100028,63203,108241,100503,75238,43845,16533,93277,85741,85722,88377,62627,23680,87433,19166,22590,83444,32731,1658,9396,19558,621,4883,22590,2678,14182,22169,72738
Oaxaca,10,95541,60408,114238,108540,73550,72422,24279,78799,77590,73013,75810,42695,14981,78838,16559,16823,84306,26252,3732,9430,34748,801,8601,16823,1530,22267,28977,86722
Oaxaca,2,86879,52551,104404,88575,57727,63077,14873,69002,63747,60195,58968,36453,15543,73285,15345,12876,63160,21667,3264,19090,36539,1514,13200,12876,1592,20531,41169,81612
Oaxaca,3,102982,72589,113925,97394,67670,89683,34583,91313,82897,87040,86591,63571,28128,93032,31150,26378,91755,40087,2670,19199,20403,961,4633,26378,4546,12533,20378,68934
Oaxaca,4,102393,73661,120518,113055,89089,82832,21759,95281,93837,89271,82930,53525,26626,89982,26406,26334,90426,38711,1815,9277,22766,529,8727,26334,3481,18270,26403,77699
Oaxaca,5,94292,56209,104860,98050,79056,61327,25581,92422,82427,85189,79404,52842,19055,77932,19483,16459,76024,32210,2969,9779,18050,678,8593,16459,2286,19332,28972,71264
Oaxaca,6,83253,54202,98910,94655,72794,51715,14861,60711,59393,53868,53888,39094,9923,62110,9666,13259,56379,13561,3077,7330,39677,820,13750,13259,719,25699,39576,84072
Oaxaca,7,107521,65694,112649,105080,89381,49457,19194,108092,100541,107436,90079,66707,22880,90785,21003,18760,86902,31433,2611,10180,5635,753,5742,18760,1923,15706,24706,78399
Oaxaca,8,106385,77263,111220,105642,89799,103159,51558,107311,104399,107013,99096,73640,48184,99951,56804,52206,104825,71362,560,6138,2350,169,581,52206,10075,5571,3996,33809
Oaxaca,9,90504,56357,104831,97484,69611,55290,36523,86538,81823,84307,74695,39948,11657,69671,13394,17995,75098,21797,2886,10231,17794,744,10559,17995,959,27680,27195,81284
Puebla,1,94819,58176,104225,94819,74359,60937,15577,91650,88557,91522,66135,41033,17764,81791,15660,17737,77617,23251,1517,10923,9028,467,6835,17737,2412,13975,24678,78219
Puebla,10,143179,109876,144997,141283,102244,110218,71570,143455,140393,143412,130990,107792,78493,137241,76989,67510,134531,94019,203,3908,1129,30,530,67510,26406,3568,6591,44330
Puebla,11,136973,102148,138603,133760,119686,104805,76227,136008,132361,135978,121950,99609,69919,130348,63253,52788,130057,81973,412,5254,2251,118,685,52788,20283,3853,6297,49214
Puebla,12,110276,86701,110763,110383,108717,100126,85790,110518,110290,110520,104987,88894,70702,105871,66681,64711,102925,81606,67,447,226,18,214,64711,18560,2200,3071,24056
Puebla,13,111809,74412,117721,112784,87662,82911,34111,111853,109244,111993,95788,73482,30897,103614,28913,42219,97985,42864,784,5720,4246,195,2006,42219,7159,7750,12512,70587
Puebla,14,106173,65043,111611,101708,80713,83302,45311,101856,97052,103068,83789,65650,18367,94256,15466,20255,83142,25023,1203,11105,6458,389,3437,20255,1723,12058,22834,83076
Puebla,15,108885,74943,116043,113534,91461,83872,55274,106636,110457,108964,90823,66533,31238,103021,35043,27499,103255,51208,1001,3508,3437,199,1591,27499,6491,7098,10758,60056
Puebla,2,95367,60311,104885,101191,78816,74310,15139,85463,89606,86065,53015,38136,15231,83553,12675,13300,80018,18158,2041,5736,13484,531,6795,13300,1719,12976,24075,84396
Puebla,3,103336,64569,108884,106956,89705,68308,23246,95632,99450,96217,66393,45642,22208,95124,21155,17827,92381,23383,1782,3710,8364,422,3243,17827,3550,7600,15775,80693
Puebla,4,88408,59361,100881,93590,74048,58202,28568,76222,81470,76199,54118,40237,11244,82758,9913,8574,74352,17762,1486,8777,16330,445,5675,8574,1159,11606,25845,81864
Puebla,5,102927,75287,107420,106781,96221,81635,20767,104985,105123,104920,80661,64989,32089,98820,25650,26404,92828,41440,363,1001,1742,54,1053,26404,5557,3971,11117,61117
Puebla,6,108477,81128,110243,107515,95776,93488,83180,109283,106901,109369,94319,79071,52581,104819,44868,45846,100372,62718,404,3132,823,69,625,45846,13180,2679,6675,42367
Puebla,7,104393,70293,107549,99468,73142,77454,60069,100902,96362,102140,72817,61285,24559,98117,19494,17089,92361,31683,867,8948,4096,228,1604,17089,3500,5489,14059,72341
Puebla,8,94248,60190,98848,97295,79084,67467,24478,82881,87731,83066,57413,44283,16353,89404,12097,12677,78044,20816,807,2359,10579,189,2405,12677,1888,5601,18875,75164
Puebla,9,111911,82173,112789,111362,99681,98345,85559,112375,111121,112401,102644,86327,64090,107930,57756,56110,104258,75459,138,1565,292,18,330,56110,16406,2117,4656,32457
Querétaro,1,86354,57001,88341,84231,68019,67478,11489,78140,77197,78330,72443,53058,28957,78296,17009,11621,69043,24363,1799,5909,8565,543,2762,11621,2899,7302,18224,60096
Querétaro,2,111046,79313,112296,111328,99799,78728,7494,110333,109254,109736,102649,79183,53253,106092,41764,29628,102309,56812,555,1523,2340,183,636,29628,10551,3437,8127,49523
Querétaro,3,170911,131889,172838,170983,154968,144425,27020,171538,169945,171393,163942,139789,106849,164810,95307,93782,164898,134663,282,2136,1208,66,504,93782,34879,3925,5390,32662
Querétaro,4,128584,102753,130365,129844,127232,114978,36593,130081,129571,130031,125474,108560,89287,124257,84895,87586,123885,110992,137,657,342,28,349,87586,28334,2984,2875,16539
Querétaro,5,155727,115177,158084,155503,134434,108426,31418,154065,151511,153509,146549,121837,95006,149493,81264,66880,146843,103215,913,3492,4556,266,1259,66880,29768,5054,9742,49184
Quintana Roo,1,159468,79617,161241,160248,146630,150514,40875,160782,157090,159617,141595,116967,59348,139150,57689,38137,152154,88395,1798,2788,3022,341,1874,38137,14512,15621,9762,66551
Quintana Roo,2,107641,57333,110766,110428,103823,94870,28023,106427,104400,105730,89712,84604,33015,92239,35243,21995,95356,50728,2250,2587,6230,511,2712,21995,6764,12587,16340,56798
Quintana Roo,3,104403,57562,105435,103741,98054,100664,25725,105448,102943,104464,96844,82263,42492,95370,37305,36004,100070,64978,159,1845,992,19,507,36004,8472,5950,4484,36408
Quintana Roo,4,182859,116476,184583,183683,166086,174130,48635,185164,182512,184834,172304,145103,88708,168408,83609,62603,178622,115093,1128,2014,616,102,781,62603,26154,9484,5792,61863
San Luis Potosí,1,91175,66703,92864,84834,49584,67079,16371,76014,78029,76601,83332,74129,39708,85741,20340,26381,76062,29827,1636,9666,9977,552,1064,26381,4711,4659,13001,59793
San Luis Potosí,2,126711,100517,128732,125799,106982,104216,77391,123201,122251,123376,119609,105040,68351,122754,49247,46656,115330,64781,1097,4006,4515,386,1072,46656,17387,4043,10693,57409
San Luis Potosí,3,88123,62452,92347,82446,55556,67442,19973,68118,73210,67644,81129,73082,37370,82062,18792,21483,72664,27732,1990,11893,13793,705,2597,21483,4230,7895,16443,61376
San Luis Potosí,4,90982,61379,95382,92034,81696,51514,13635,76821,83157,76310,85375,71556,32279,84946,24870,21544,85922,34925,2047,5396,10459,595,1663,21544,4913,7083,9719,57034
San Luis Potosí,5,129826,104691,131137,128173,116705,116635,101327,129487,127030,129207,125786,113781,87872,126548,73940,72502,122331,89818,560,3523,1674,191,356,72502,27169,2472,4798,36119
San Luis Potosí,6,125005,102512,126302,125877,120953,103733,80581,126045,125418,125834,121543,109972,80473,121828,65288,66998,117386,86837,166,588,301,25,259,66998,23811,2134,4244,33304
San Luis Potosí,7,82910,59474,94830,76242,41448,43599,22064,46486,56752,44968,62460,30357,13113,71082,10767,12035,63500,10523,3646,22235,29469,1334,7711,12035,1072,15203,31724,83134
Sinaloa,1,119756,77313,121793,120806,109946,66395,10847,119177,118491,119169,113876,89166,52334,112974,39943,30232,110940,63013,897,1884,2758,304,1083,30232,11072,5647,8350,53585
Sinaloa,2,132613,90700,133734,132942,131071,31034,2481,130382,130279,130091,127493,102778,66141,126022,53736,30836,125917,73446,703,1495,3203,238,796,30836,12917,4569,6916,53787
Sinaloa,3,108333,75919,111794,109676,96068,63722,7423,103976,104475,103758,104991,83299,40735,101766,25562,14691,99875,35390,1171,3288,6213,359,1739,14691,4953,7537,11270,71148
Sinaloa,4,108128,77129,110880,109019,91331,49703,5027,97418,101618,97047,104022,78663,40011,101944,27473,15453,100897,40385,1073,2934,8647,321,1446,15453,5030,6394,9673,65899
Sinaloa,5,127866,101132,128946,128706,128234,77289,2347,128610,128394,128454,127573,111586,84800,124743,76492,46565,124667,94217,109,352,405,40,135,46565,25898,2486,2584,27671
Sinaloa,6,116140,83016,117885,116845,111266,75324,20887,114940,114670,114702,112984,94104,61643,111130,47956,37671,108200,60293,508,1548,2667,185,812,37671,15051,4848,7161,51490
Sinaloa,7,120333,88774,122957,121724,118249,55565,2703,120321,120426,120182,119945,98244,68445,116878,55479,35025,116854,74318,272,1497,1663,93,381,35025,17556,3944,4523,42062
Sonora,1,113118,77547,114085,114420,108048,23049,4766,110161,110532,109575,110344,93092,75231,108290,46728,35136,107728,72047,1537,1201,3796,340,860,35136,16628,4469,5890,38450
Sonora,2,135163,100108,135806,133038,124162,75378,8120,135529,131809,135039,131583,114679,90216,129657,60683,36373,130048,93271,1052,3793,1155,127,487,36373,23093,3853,4773,37959
Sonora,3,142453,103966,144999,144924,142880,85266,8132,142336,142779,142287,138922,113316,85097,135974,74206,44010,138496,99622,654,728,1983,111,1003,44010,27330,4921,5598,39452
Sonora,4,103998,72844,107096,106967,98730,61888,11876,96941,98878,96689,99438,77994,59249,99575,38024,28912,97576,54126,1473,1598,8488,363,1329,28912,10347,5320,8516,48728
Sonora,5,129996,98441,131317,130949,127653,76510,11289,130057,129622,129924,128233,109409,83556,125089,75093,50399,125680,96202,590,956,1181,105,465,50399,26182,3256,4193,30371
Sonora,6,133199,96477,134569,134167,131909,33611,3930,132485,132718,132660,129097,102007,77340,127283,59251,35686,126441,79697,888,1288,1745,202,774,35686,17324,4366,7088,48831
Sonora,7,94017,62798,97038,96523,84819,28938,5075,71448,75611,70649,86034,55051,35992,87912,26926,14456,85409,35546,2290,2806,22524,676,2165,14456,5395,6622,12719,58289
Tabasco,1,91716,52062,94952,83482,60351,35810,6869,92692,80665,92192,80127,65979,20686,81286,16546,13575,73121,20788,1450,12920,3816,373,3053,13575,2147,10373,20488,69994
Tabasco,2,112901,71932,117450,107148,36513,39461,3933,115060,104356,114490,97898,87920,25714,101947,20375,13281,99361,29069,1087,11389,3675,229,2674,13281,2675,12195,18212,84238
Tabasco,3,92663,57991,95802,91529,56927,29895,3204,93415,89427,93211,81153,70316,19894,82756,16574,8768,78326,21695,431,4704,2655,73,1935,8768,2313,8602,17032,69722
Tabasco,4,111326,72239,113226,111818,106455,71882,22573,112754,111293,112645,105580,93396,45799,104181,48634,42696,104671,66465,240,1647,580,42,697,42696,10253,5384,7198,41301
Tabasco,5,117057,76548,120424,113302,82671,52102,9927,117843,110945,117384,105191,92188,31725,106815,29303,14018,101679,39592,707,7827,3272,152,2267,14018,4858,9708,18383,74451
Tabasco,6,119493,74931,121864,119695,99303,62924,20655,120035,117798,119817,108515,93887,39915,108715,37945,26189,106232,50878,559,2728,2175,127,2272,26189,8758,8721,15195,64818
Tamaulipas,1,118517,84759,119686,119394,118840,27655,5307,119126,118813,118936,116059,101964,74636,114982,47667,54043,110557,70540,355,646,634,54,302,54043,18172,2496,5022,43554
Tamaulipas,2,112619,77258,113457,113197,110851,39871,6283,111634,111867,111562,109958,96241,71017,107618,47057,51945,106133,69746,376,636,1663,199,546,51945,15010,3922,5022,39510
Tamaulipas,3,117384,74366,117785,114782,102932,45578,7514,104175,103830,103573,110585,88938,53820,110949,31620,34370,109602,53348,1527,4529,14135,706,706,34370,9842,4890,7313,60273
Tamaulipas,4,113870,79540,114753,114015,113664,42627,16684,112691,112789,112530,109702,81896,60573,109139,43790,50458,108152,70207,808,1546,2207,487,417,50458,14652,3691,4371,40486
Tamaulipas,5,117867,84422,119642,117632,105011,49722,4269,109651,110117,109236,114877,101099,58812,113507,49977,44782,111106,67917,839,2849,8803,338,561,44782,13646,3682,6661,46812
Tamaulipas,6,104394,64193,105955,101825,84470,50180,5184,79626,84064,78694,96144,83484,36070,95226,20684,22303,92975,33947,1745,5875,21769,670,1511,22303,4117,7966,11763,68847
Tamaulipas,7,125759,84538,126674,125725,123781,67460,5117,123091,122906,122693,118338,103175,55938,118444,47435,55019,120103,74970,768,1717,3461,221,648,55019,14496,4468,5281,47020
Tamaulipas,8,111445,77680,111784,111599,111419,43285,4426,111513,111367,111481,107528,95342,64916,106926,58325,67713,105003,81982,114,298,280,29,292,67713,18084,2572,3309,25743
Tamaulipas,9,127435,83592,128884,128596,126837,43952,4615,127101,127505,127028,122326,99445,58129,119085,34356,32524,121396,57584,248,535,1295,53,588,32524,8571,6103,6270,64556
Tlaxcala,1,112802,77732,113687,112979,102508,95942,33013,108778,109702,109325,83974,64384,33407,106461,26371,24781,98191,35572,760,1468,3416,136,1307,24781,5647,4058,13215,72143
Tlaxcala,2,104665,77450,106482,106137,103541,89187,37082,105016,104862,105096,83553,61664,35383,99209,37512,38969,93035,51307,464,809,1277,79,1079,38969,7266,3708,9861,49223
Tlaxcala,3,112013,81831,113733,113310,102596,97562,28116,111326,111540,111590,90749,72115,36127,106387,32618,33684,98460,44966,635,1055,1783,111,1119,33684,5831,4008,11477,61982
Veracruz de Ignacio de la Llave,1,97349,61065,101337,87683,66866,49049,10957,75856,72932,74284,88541,69039,25809,91102,17495,19459,88543,28207,2583,16237,21642,1298,2282,19459,3033,7743,12940,70967
Veracruz de Ignacio de la Llave,10,123775,82941,125208,124705,123654,110257,20387,124611,124211,124586,113252,92655,67030,116488,66815,58480,117349,87296,310,813,478,38,511,58480,17830,4132,4609,32680
Veracruz de Ignacio de la Llave,11,119099,73960,120480,115403,102904,67535,11475,120253,114149,119625,111232,99004,46833,110023,43507,45487,111829,65192,806,5883,1396,136,1127,45487,8706,6019,7317,50334
Veracruz de Ignacio de la Llave,12,137606,88714,139019,137606,123187,87384,39405,138140,136762,137974,131240,113710,74026,129724,59759,55056,127764,85807,411,1824,1035,107,846,55056,15416,5350,8362,48495
Veracruz de Ignacio de la Llave,13,118236,71879,121866,116743,78978,60706,11225,115052,110459,114473,103772,79738,33330,108284,20717,19833,100539,36146,1819,6942,7340,441,2836,19833,3402,9334,19594,82268
Veracruz de Ignacio de la Llave,14,101586,62814,106465,93904,60034,42956,9876,103042,90600,102733,91710,76426,27806,88278,22868,28963,84827,40530,2281,14842,4637,645,3850,28963,3639,14419,19829,64426
Veracruz de Ignacio de la Llave,15,114867,76302,120454,118698,109807,73541,24490,106979,110937,107105,88169,68731,38286,108643,37400,38628,98857,52559,981,2737,8412,145,4097,38628,9644,7547,18966,63809
Veracruz de Ignacio de la Llave,16,118235,78838,122075,115656,107406,84123,18702,117359,113602,117273,101880,77316,43350,111713,38667,41204,106439,61174,1120,7539,3352,299,2123,41204,8481,6067,13018,56652
Veracruz de Ignacio de la Llave,17,115299,70746,119535,110651,76543,42656,8676,113833,106371,113534,103117,83126,31259,101427,19380,24671,98023,35245,1639,10523,5382,441,3578,24671,2695,12855,18882,81284
Veracruz de Ignacio de la Llave,18,92778,59384,111023,92583,67582,56807,18997,66610,66655,65573,57363,38423,16728,86245,14281,15171,78475,23636,2089,20529,36530,819,10052,15171,2415,17915,32116,85920
Veracruz de Ignacio de la Llave,19,114199,78185,119847,116533,88366,45022,8071,105915,108191,105949,100394,71239,29966,105981,21441,25062,96992,36496,2035,5349,9147,447,3549,25062,4106,10051,21098,81020
Veracruz de Ignacio de la Llave,2,86469,61710,97185,72593,50573,41957,10318,37751,42872,35625,66591,23165,11543,74534,9738,13105,61948,11974,3934,28527,50586,2143,8355,13105,717,15013,34715,84999
Veracruz de Ignacio de la Llave,20,117659,67716,123926,111904,83944,45503,13574,115898,105914,115969,97009,75078,26903,100898,23424,23882,101093,38182,1685,13706,6592,323,5935,23882,3156,16653,22050,82192
Veracruz de Ignacio de la Llave,3,95379,63250,99257,82380,52728,55230,10631,78359,72294,77326,88118,67608,29498,90114,23807,27557,82957,35734,1508,18385,16669,704,1806,27557,4607,5949,13459,60146
Veracruz de Ignacio de la Llave,4,151138,98644,153766,152954,139275,108472,12132,153056,151736,152369,144414,125223,77340,143668,60475,51800,145362,95785,301,1114,1364,50,785,51800,17003,5050,6597,51996
Veracruz de Ignacio de la Llave,5,92554,63851,97215,87257,63823,71713,24569,90045,83512,89725,88463,74299,35805,88411,33834,37613,87022,51480,1503,11461,6680,599,1512,37613,6886,6052,8716,43452
Veracruz de Ignacio de la Llave,6,99579,63211,110469,88740,59179,54956,11524,85722,79222,84493,87077,56386,22572,95211,16170,20401,85653,30968,2293,24022,17711,799,4465,20401,2053,10979,22946,78257
Veracruz de Ignacio de la Llave,7,109345,62761,114795,110317,76804,57868,23997,105349,105078,105547,88215,62590,24984,101085,19189,22324,94529,38382,2125,6601,5841,468,3356,22324,3044,9298,19192,74685
Veracruz de Ignacio de la Llave,8,136767,88911,139235,137979,119866,92761,33982,134547,134464,134884,120008,89828,56982,127740,40733,39469,116006,61184,1546,2802,3610,289,2501,39469,10673,7093,19315,73700
Veracruz de Ignacio de la Llave,9,105247,65034,108861,107525,87370,67352,24321,99327,103388,99973,78857,58229,32554,98885,28069,27829,87569,43565,1069,2405,4253,199,2486,27829,6471,5536,19199,62074
Yucatán,1,104488,51062,106280,106818,101901,74563,8322,92634,89783,90253,70594,66627,19182,91458,19734,10569,85054,34063,2427,1890,17545,477,3662,10569,2295,11286,22901,69233
Yucatán,2,128344,75219,128539,127727,116985,103560,22618,119524,116671,117242,110594,98325,44251,120140,34078,19891,115426,52435,1138,1948,11666,316,1596,19891,6685,5561,13496,69568
Yucatán,3,151038,96570,151541,150463,147897,132155,21576,149562,148160,148971,143279,121667,81928,143533,72908,53402,143956,97979,508,1586,2663,134,571,53402,18821,3816,5703,45713
Yucatán,4,149291,111329,149575,149296,141388,130485,45927,148865,148341,148553,146065,125064,102756,144177,97515,82569,143679,118629,216,491,976,47,260,82569,29707,2506,3417,25868
Yucatán,5,113275,60800,113856,113643,109894,81111,12033,99194,97119,97293,82195,80157,25731,99971,22213,9970,92325,36036,1672,1885,17190,349,3577,9970,2653,10718,22202,73204
Zacatecas,1,104899,78571,105784,104673,79812,95116,25729,101423,101033,101122,98927,89051,56563,100913,30558,29959,89927,48632,550,1661,4042,150,462,29959,8034,2495,10197,52570
Zacatecas,2,106817,74508,107644,107026,87042,97880,14837,104064,103618,103821,101155,91993,55036,100636,28370,34309,88813,44615,985,1601,3881,324,754,34309,6273,4097,11035,57931
Zacatecas,3,104832,77992,105697,104272,85380,97199,16813,101950,101350,101617,99303,90776,60317,99890,38168,38288,89258,53611,413,1838,3336,128,537,38288,10661,3540,10995,47440
Zacatecas,4,119279,90436,120036,117534,99359,103839,29217,113955,113714,114277,109045,100654,61412,114753,42275,35496,104816,58087,609,3110,4681,155,591,35496,12654,3111,11089,56240
